"62902258-a610-4a88-8de5-df12fb8f832d","9/28/2014","lbla______@____.___","90.140.***.***","NewDramaAlert"
"8a2f69e0-e3a9-4f36-98e1-68e1b83b2878","3/1/2016","lfo______@____.___","47.171.***.***","NewDramaAlert"
"b253757d-f404-47da-9cae-999fa65f52f8","8/16/2015","ffost______@____.___","106.82.***.***","NewDramaAlert"
"ec650555-4752-4fee-85b4-148938f3662f","11/11/2015","tgom______@____.___","123.225.***.***","NewDramaAlert"
"925b61e2-ab3f-4b53-95ae-8b21a7925712","8/17/2015","rols______@____.___","6.241.***.***","LeafyIsHere"
"109732fd-9457-4bcb-a8b4-5aadd425390d","6/5/2015","rwilliams______@____.___","155.87.***.***","LeafyIsHere"
"c0093a93-933b-4a92-8bae-eff57a14075f","4/27/2016","dban______@____.___","74.123.***.***","LeafyIsHere"
"5a5a6da5-b783-474f-b89d-adfffb70d393","4/9/2014","kki______@____.___","105.227.***.***","LeafyIsHere"
"60edf9f8-0d94-4524-963e-8925a64246a5","3/14/2016","rthom______@____.___","6.94.***.***","NewDramaAlert"
"4b5512a6-9ed3-4692-a6b3-57b8d29aabc2","7/10/2016","slitt______@____.___","52.206.***.***","LeafyIsHere"
"5bd67c77-c2f2-4b74-82ca-5f2cdca9d524","3/24/2016","ayou______@____.___","188.151.***.***","NewDramaAlert"
"d63a419f-50fa-4859-8261-b1a6f92b184d","7/15/2015","jmorr______@____.___","182.202.***.***","LeafyIsHere"
"e7162429-e6a3-4831-a13a-f7cfd8fc4c1d","3/2/2016","rdix______@____.___","40.126.***.***","NewDramaAlert"
"b4f34df9-410c-4963-8ff2-42b1800786dc","5/22/2014","ash______@____.___","71.75.***.***","NewDramaAlert"
"5d7ab276-fc13-4d7b-bf6d-117ebb52ed56","6/21/2015","tco______@____.___","83.209.***.***","LeafyIsHere"
"c0719707-d00f-4100-ad55-5475f86f1fae","6/23/2016","jnguy______@____.___","35.248.***.***","NewDramaAlert"
"a7477949-6146-4bfb-a2c4-2d589c92eb6b","7/28/2016","swe______@____.___","122.254.***.***","LeafyIsHere"
"ca061159-e9aa-467b-b55b-76f49fa2435c","8/20/2013","ahay______@____.___","167.108.***.***","LeafyIsHere"
"e191b552-64d2-4222-b8ba-1ce6abb640b3","10/16/2015","dfrazi______@____.___","148.180.***.***","LeafyIsHere"
"9153e7aa-fdd6-4e7e-a1ea-361b2653da45","4/22/2014","fgarc______@____.___","127.168.***.***","LeafyIsHere"
"cbcb18b4-0318-4839-864a-8d0a272ef56f","1/18/2015","bwel______@____.___","134.75.***.***","LeafyIsHere"
"918b3cfe-bef0-42fd-8146-1320ef82f56e","10/11/2014","jmore______@____.___","211.245.***.***","NewDramaAlert"
"e1a2862c-4f2a-4773-9e33-5e430b854eea","7/24/2014","cgord______@____.___","227.78.***.***","NewDramaAlert"
"cd994a7f-6895-4d29-800e-dc4664d15a8f","3/22/2016","apowe______@____.___","217.58.***.***","LeafyIsHere"
"d7a69dd8-facb-4b34-a479-45c0051436a8","11/22/2013","janders______@____.___","31.201.***.***","LeafyIsHere"
"1c22b287-c62d-4eb6-b07c-1a5c83ce1526","12/21/2014","mhu______@____.___","203.77.***.***","NewDramaAlert"
"9904041b-4cfc-4b77-a150-ebad8361dacd","3/18/2015","sperki______@____.___","153.42.***.***","NewDramaAlert"
"6b16f585-3e0c-43d4-9b8a-775bc821cff0","11/17/2013","lstanl______@____.___","158.96.***.***","LeafyIsHere"
"fdb8e506-6e35-4025-87f9-bd3aea1d52c4","3/25/2014","cril______@____.___","156.216.***.***","NewDramaAlert"
"465e0ecf-c05a-4c95-9b54-44facd0dcabf","7/3/2014","cdanie______@____.___","60.216.***.***","NewDramaAlert"
"0ccb8ab9-59a5-417c-9595-74ec6c1312d7","6/25/2015","tmorr______@____.___","83.134.***.***","NewDramaAlert"
"f7b584eb-0e87-42f5-87b0-9d556bcb3968","11/13/2013","blew______@____.___","222.85.***.***","NewDramaAlert"
"5bef00f1-5203-4d46-adca-855e39bd5453","3/21/2016","cols______@____.___","223.199.***.***","NewDramaAlert"
"ab6b736b-e490-4f1e-9c13-196ff4029bf3","8/16/2013","wport______@____.___","9.182.***.***","NewDramaAlert"
"7aa8429f-f500-45d4-9e79-2dfeeba3d673","2/9/2016","ebur______@____.___","202.174.***.***","LeafyIsHere"
"3c7faaa1-60d6-4f9b-b889-1deeed595114","10/30/2013","kalvar______@____.___","99.78.***.***","LeafyIsHere"
"e36652d4-4921-4986-b37a-ab83b377c0c3","5/9/2015","jpric______@____.___","14.239.***.***","NewDramaAlert"
"f68d9561-d548-43ef-94a2-f9cfe45b21f8","8/21/2015","rcarte______@____.___","124.173.***.***","LeafyIsHere"
"3a20e650-2725-4280-9bf8-6492be244ca4","11/6/2015","sbennet______@____.___","161.29.***.***","NewDramaAlert"
"99ad6322-f050-4da3-a9ea-e943a3f7ee23","6/9/2014","creye______@____.___","223.21.***.***","NewDramaAlert"
"ac969c11-5ab7-42f3-80ea-9356b9dbe25d","4/15/2014","adixo______@____.___","205.149.***.***","NewDramaAlert"
"8feec5a2-0ef0-4520-bb50-201c02694cad","6/24/2015","wgra______@____.___","45.186.***.***","LeafyIsHere"
"f438a45c-d978-451e-82d7-880932fc78b1","8/15/2014","rmille______@____-___.__","208.11.***.***","LeafyIsHere"
"cbd61963-4ac1-4e3f-85c0-cdbb7dd03ff0","11/28/2014","tsanche______@____.___","7.223.***.***","LeafyIsHere"
"5d16eaed-d318-45cd-b15a-f4fa92744cf2","1/6/2015","sbake______@____.___","212.22.***.***","LeafyIsHere"
"7c32fd5e-e608-4c58-9a22-7d069ce55303","4/7/2016","rdaniel______@____.___","157.6.***.***","LeafyIsHere"
"34b31b0b-6f0e-49ec-ac36-43b881759392","6/12/2014","rlope______@____.___","62.18.***.***","NewDramaAlert"
"a11f32b5-1079-4800-8f04-db50966d5cdd","5/5/2015","jsteven______@____.___","192.237.***.***","LeafyIsHere"
"62ba0b3b-66d5-41cc-9c79-10db1a1b72fe","10/25/2013","alawrenc______@____.___","30.27.***.***","NewDramaAlert"
"4a636d0f-e481-48e3-86a8-13a256c8fcac","5/27/2015","eflore______@____.___","101.239.***.***","NewDramaAlert"
"afc2cb6a-a7ea-4ebc-b7a9-193d0c2fc1a3","1/24/2014","tgran______@____.___","163.143.***.***","NewDramaAlert"
"dfea547b-0e0e-42b5-ad70-4de72da0f219","5/5/2016","kjame______@____.___","145.206.***.***","NewDramaAlert"
"35f2909b-f84e-4e6e-aec1-72626fca3f2a","4/24/2015","sgriffi______@____.___","21.211.***.***","LeafyIsHere"
"c25733a5-d186-4937-bfe1-25e5990adeeb","12/1/2013","jbisho______@____.___","58.216.***.***","NewDramaAlert"
"defa4656-249d-42d0-b8f2-713032185545","8/30/2013","nowen______@____.___","114.177.***.***","NewDramaAlert"
"0c55cb5d-6f53-4f0e-9d6e-fe8e886292be","11/4/2015","pmitchel______@____.___","87.183.***.***","LeafyIsHere"
"b688f533-bcac-4504-bd20-69210322432d","8/3/2014","harmstron______@____.___","185.75.***.***","NewDramaAlert"
"67cfaf8c-8af3-4ea2-b898-02a6c3f3c81a","6/29/2016","rburto______@____.___","183.86.***.***","LeafyIsHere"
"ab6d6f02-5753-4a95-90db-edc63dac5caa","12/9/2013","hhar______@____.___","137.89.***.***","NewDramaAlert"
"930a51ac-7043-4849-ac60-0d37f307785c","4/11/2014","rbutle______@____.___","240.123.***.***","LeafyIsHere"
"f77fa482-9376-4d95-9cea-e254450c619c","2/6/2015","lsulliva______@____.___","47.42.***.***","LeafyIsHere"
"e2f8112c-6b33-490c-8a4f-bdc4b47a5215","10/11/2015","jharriso______@____.___","236.184.***.***","LeafyIsHere"
"2af5ebb4-6456-48fd-9518-eb4de8200e8d","9/5/2014","ahunte______@____.___","45.15.***.***","LeafyIsHere"
"b5c78966-664d-49e9-9ab9-ea7cd53b5e11","12/17/2015","rporte______@____.___","147.71.***.***","NewDramaAlert"
"16d44d09-f2dd-4a62-b9b2-e6153f17e6a0","4/9/2014","grya______@____.___","73.73.***.***","LeafyIsHere"
"f38ad220-522c-4a7f-ac4e-4c59de96b0ea","9/8/2014","twes______@____.___","80.60.***.***","LeafyIsHere"
"6c6d41f8-628e-4b43-8025-263e4ff1fbaf","11/24/2015","bwheele______@____.___","88.235.***.***","LeafyIsHere"
"3302f745-83e7-4259-9664-cd43cc0bf20b","12/27/2013","lreynold______@____-___.__","7.19.***.***","LeafyIsHere"
"4769d992-3918-4aee-b63c-798d6dcee835","7/3/2016","vmille______@____.___","166.182.***.***","LeafyIsHere"
"13eb2b33-a06a-454b-812c-bdab995a7da9","3/3/2015","aanderso______@____.___","148.187.***.***","LeafyIsHere"
"ef42a5ae-1b2e-44e1-822d-3b1c8e8adc0f","8/31/2013","pwilliamso______@____.___","235.133.***.***","LeafyIsHere"
"dae3db2d-930b-4c1c-a748-d449e389acbb","5/11/2014","causti______@____.___","248.79.***.***","NewDramaAlert"
"8a563116-d246-48b5-8e8a-bebb280c35b5","2/29/2016","aree______@____.___","110.212.***.***","NewDramaAlert"
"9ecc6239-6f02-49a4-8b63-e6a53467570c","3/24/2014","arobert______@____.___","64.52.***.***","LeafyIsHere"
"d8d8fbfc-f449-4710-93d3-0bc482fafec9","9/11/2015","kmatthew______@____.___","146.49.***.***","LeafyIsHere"
"14065865-2759-44fb-902d-fb86b58e4dd2","1/13/2014","jroger______@____.___","120.23.***.***","NewDramaAlert"
"6e27924d-7442-4bf9-89c2-f718c1296a1c","7/29/2016","ccol______@____.___","115.56.***.***","LeafyIsHere"
"6266c9cc-fb21-4901-b94f-95064b772ce5","3/20/2016","ahughe______@____.___","234.153.***.***","LeafyIsHere"
"9dc7db42-2d1b-4af3-86e8-95cda7f97d91","4/23/2015","smille______@____.___","44.128.***.***","NewDramaAlert"
"a4e616df-85dc-435b-bb4e-12f5cf9d4d41","6/16/2015","jhal______@____.___","167.202.***.***","LeafyIsHere"
"7ab277e3-a1dd-4266-b70d-039dd16266f1","6/17/2015","tharri______@____.___","184.232.***.***","NewDramaAlert"
"c7276ffa-6ac7-41fb-82c5-5e5b82ae7823","4/13/2014","wwar______@____.___","217.205.***.***","LeafyIsHere"
"27829275-0c5c-4124-bff9-0b496e06523d","8/28/2015","ahenderso______@____.___","154.2.***.***","LeafyIsHere"
"9b2672b6-d527-4365-b7af-fab0ba9d23d9","1/27/2014","mporte______@____.___","212.36.***.***","NewDramaAlert"
"18bf5160-e04d-4a37-a292-dec3e6354e60","11/5/2015","jhar______@____.___","147.12.***.***","LeafyIsHere"
"1a0f55ef-86d1-4b81-8f64-25b1ce4f6ae1","2/27/2016","acoo______@____.___","169.32.***.***","NewDramaAlert"
"7dd1d7fc-88cf-4083-9c22-f620c4970b06","9/30/2013","jkell______@____.___","204.147.***.***","LeafyIsHere"
"93a1e942-f313-4751-bfc4-0ab3bda2b959","8/24/2013","tweb______@____.___","5.174.***.***","NewDramaAlert"
"cfd1c5da-1cef-4f27-8621-3a50f03cfb5e","6/22/2014","bcampbel______@____.___","212.158.***.***","NewDramaAlert"
"1c33cd64-1193-414b-8812-b241aba8ca24","12/18/2014","dthoma______@____.___","143.14.***.***","NewDramaAlert"
"166d8e93-3246-4090-a3df-b37d8bc670ca","7/1/2015","hlan______@____.___","210.29.***.***","NewDramaAlert"
"82bb32a4-4dee-4aaf-a128-02114a705ca1","8/1/2016","tfernande______@____.___","34.131.***.***","LeafyIsHere"
"1346516e-089d-48b5-b943-386d02021290","6/20/2015","cwood______@____.___","191.90.***.***","NewDramaAlert"
"5ff99a6e-46dc-4b61-bb22-f7b8a0b607b0","3/11/2014","klope______@____.___","220.227.***.***","NewDramaAlert"
"d59fea97-9cb9-49f0-9d21-2da2d98a9a06","5/27/2015","hreye______@____.___","152.58.***.***","NewDramaAlert"
"790c5f67-049e-4f8b-9109-c1b71a433d3a","1/5/2014","jphillip______@____.___","13.203.***.***","NewDramaAlert"
"c31d7957-a63f-4687-b84b-fedf63e9f74d","2/16/2015","klittl______@____.___","91.124.***.***","LeafyIsHere"
"b630f712-ad62-4c60-8b7b-9f930d2db72c","12/22/2013","tbennet______@____.___","54.39.***.***","LeafyIsHere"
"dd84c6da-0305-4b30-a86b-758170ee8939","1/25/2016","tphillip______@____.___","42.255.***.***","NewDramaAlert"
"d21f6acd-e411-405b-ad38-5245793fffc4","12/6/2015","jrichard______@____.___","169.97.***.***","NewDramaAlert"
